Name,Region,Weathers
Annie Eastwood with Kimball and the Fugitives,Wallingford / Greenlake,"59°F, Light Rain Likely"
Black and Boujee Panel Discussion,West,"60°F, Sunny"
Celebrate Asia,Downtown,"79°F, Mostly Sunny"
Django’s Birthday Concert with Ranger and the Re-Arrangers,South Seattle,"59°F, Light Rain Likely"
Family Day with Birds Connect Seattle,Fremont / Ballard,"72°F, Partly Sunny"
Fossil Finders | Ice Ages,University District,"59°F, Light Rain Likely"
Seattle Kraken vs. Columbus Blue Jackets,Queen Anne / Seattle Center,"58°F, Light Rain Likely"
Adira Sharkey,Fremont / Ballard,"71°F, Mostly Sunny"
"Car, The Garden",Downtown,"76°F, Sunny"
Walla Walla Wine On Tour,Queen Anne / Seattle Center,"62°F, Light Rain Likely"
Cheryl Wheeler,Downtown,"74°F, Sunny"
Giantish,Fremont / Ballard,"68°F, Partly Sunny"
FRAKTURED: Home of the Broken Beat,Fremont / Ballard,"62°F, Rain"
G3- 25th Anniversary reunion,Downtown,"70°F, Partly Sunny then Slight Chance Light Rain"
JP Saxe,Downtown,"70°F, Partly Sunny then Slight Chance Light Rain"
Los Lobos,Downtown,"70°F, Partly Sunny then Slight Chance Light Rain"
The Daimonics,South Seattle,"54°F, Light Rain"
BabyTron,Downtown,"60°F, Rain"
Battlestar Kalakala,Wallingford / Greenlake,"50°F, Light Rain Likely"
Catalyzing Change with Akuyea Karen Vargas,West,"67°F, Mostly Sunny"
Exceptional Failures,Fremont / Ballard,"57°F, Light Rain Likely"
Jamila Woods,Capitol Hill / Central District,"50°F, Light Rain Likely"
Jazz is Dead: Blue Note 85,University District,"51°F, Light Rain Likely"
Michelle Cann,University District,"51°F, Light Rain Likely"
Pakt,Capitol Hill / Central District,"50°F, Light Rain Likely"
Public Theatre,Capitol Hill / Central District,"50°F, Light Rain Likely"
American Flats Album Release,South Seattle,"45°F, Chance Light Rain"
Erik Walters,Capitol Hill / Central District,"45°F, Chance Light Rain"
Memoir,Downtown,"58°F, Chance Rain Showers"
Nora En Pure,Pioneer Square,"45°F, Light Rain Likely"
Poolside,Downtown,"58°F, Chance Rain Showers"
All Will Suffer,Capitol Hill / Central District,"43°F, Chance Light Rain"
Banned & Beloved,Downtown,"57°F, Chance Rain Showers"
Cold War Kids – 20 Years Tour,Downtown,"57°F, Chance Rain Showers"
Mau P,Downtown,"57°F, Chance Rain Showers"
Oble,Capitol Hill / Central District,"43°F, Chance Light Rain"
Randy Rainbow for President,Downtown,"57°F, Chance Rain Showers"
The Delta Bombers,Downtown,"57°F, Chance Rain Showers"
The Grave Plot Film Fest part 6,South Seattle,"43°F, Chance Light Rain"
